{
  "id": "/subscriptions/83b4a660-98fa-4092-bb3a-8ab4900250b5/resourceGroups/cloud-shell-storage-westeurope/providers/Microsoft.Resources/deployments/Microsoft.Web-WebApp-Portal-5785ac21-9440",
  "name": "Microsoft.Web-WebApp-Portal-5785ac21-9440",
  "type": "Microsoft.Resources/deployments",
  "tags": {
    "marketplaceItemId": "Microsoft.WebSite",
    "primaryResourceId": "/subscriptions/83b4a660-98fa-4092-bb3a-8ab4900250b5/resourcegroups/cloud-shell-storage-westeurope/providers/Microsoft.Web/sites/MovieDatabase"
  },
  "properties": {
    "templateHash": "10585367527398840059",
    "parameters": {
      "subscriptionId": {
        "type": "String",
        "value": "83b4a660-98fa-4092-bb3a-8ab4900250b5"
      },
      "name": {
        "type": "String",
        "value": "MovieDatabase"
      },
      "location": {
        "type": "String",
        "value": "West Europe"
      },
      "hostingEnvironment": {
        "type": "String",
        "value": ""
      },
      "hostingPlanName": {
        "type": "String",
        "value": "ASP-cloudshellstoragewesteurope-9d67"
      },
      "serverFarmResourceGroup": {
        "type": "String",
        "value": "cloud-shell-storage-westeurope"
      },
      "alwaysOn": {
        "type": "Bool",
        "value": false
      },
      "sku": {
        "type": "String",
        "value": "Free"
      },
      "skuCode": {
        "type": "String",
        "value": "F1"
      },
      "workerSize": {
        "type": "String",
        "value": "0"
      },
      "workerSizeId": {
        "type": "String",
        "value": "0"
      },
      "numberOfWorkers": {
        "type": "String",
        "value": "1"
      },
      "linuxFxVersion": {
        "type": "String",
        "value": "DOTNETCORE|3.1"
      }
    },
    "mode": "Incremental",
    "debugSetting": {
      "detailLevel": "None"
    },
    "provisioningState": "Running",
    "timestamp": "2019-12-15T12:42:43.133939Z",
    "duration": "PT0.0771157S",
    "correlationId": "2721d324-019b-42c8-8df4-8f08f66cfe36",
    "providers": [
      {
        "namespace": "Microsoft.Web",
        "resourceTypes": [
          {
            "resourceType": "sites",
            "locations": [
              "westeurope"
            ]
          },
          {
            "resourceType": "serverfarms",
            "locations": [
              "westeurope"
            ]
          }
        ]
      }
    ],
    "dependencies": [
      {
        "dependsOn": [
          {
            "id": "/subscriptions/83b4a660-98fa-4092-bb3a-8ab4900250b5/resourceGroups/cloud-shell-storage-westeurope/providers/Microsoft.Web/serverfarms/ASP-cloudshellstoragewesteurope-9d67",
            "resourceType": "Microsoft.Web/serverfarms",
            "resourceName": "ASP-cloudshellstoragewesteurope-9d67"
          }
        ],
        "id": "/subscriptions/83b4a660-98fa-4092-bb3a-8ab4900250b5/resourceGroups/cloud-shell-storage-westeurope/providers/Microsoft.Web/sites/MovieDatabase",
        "resourceType": "Microsoft.Web/sites",
        "resourceName": "MovieDatabase"
      }
    ],
    "validationLevel": "Template"
  }
}