{
    "$schema": "https://schema.management.azure.com/schemas/2015-01-01/deploymentParameters.json#",
    "contentVersion": "1.0.0.0",
    "parameters": {
        "subscriptionId": {
            "value": "83b4a660-98fa-4092-bb3a-8ab4900250b5"
        },
        "name": {
            "value": "CMDb2"
        },
        "location": {
            "value": "West Europe"
        },
        "hostingEnvironment": {
            "value": ""
        },
        "hostingPlanName": {
            "value": "ASP-cloudshellstoragewesteurope-9d67"
        },
        "serverFarmResourceGroup": {
            "value": "cloud-shell-storage-westeurope"
        },
        "alwaysOn": {
            "value": false
        },
        "linuxFxVersion": {
            "value": "DOTNETCORE|3.1"
        }
    }
}