{
  "id": "/subscriptions/83b4a660-98fa-4092-bb3a-8ab4900250b5/resourceGroups/cloud-shell-storage-westeurope/providers/Microsoft.Resources/deployments/Microsoft.SQLDatabase.newDatabaseNewServer_c382e235183247bcb5e43",
  "name": "Microsoft.SQLDatabase.newDatabaseNewServer_c382e235183247bcb5e43",
  "type": "Microsoft.Resources/deployments",
  "tags": {
    "marketplaceItemId": "Microsoft.SQLDatabase",
    "primaryResourceId": "/subscriptions/83b4a660-98fa-4092-bb3a-8ab4900250b5/resourceGroups/cloud-shell-storage-westeurope/providers/Microsoft.Sql/servers/serkanmssql/databases/moviedb-dev"
  },
  "properties": {
    "templateHash": "6867832178564595187",
    "parameters": {
      "administratorLogin": {
        "type": "String",
        "value": "serkan"
      },
      "administratorLoginPassword": {
        "type": "SecureString"
      },
      "collation": {
        "type": "String",
        "value": "SQL_Latin1_General_CP1_CI_AS"
      },
      "databaseName": {
        "type": "String",
        "value": "moviedb-dev"
      },
      "tier": {
        "type": "String",
        "value": "Standard"
      },
      "skuName": {
        "type": "String",
        "value": "S0"
      },
      "location": {
        "type": "String",
        "value": "westeurope"
      },
      "maxSizeBytes": {
        "type": "Int",
        "value": 268435456000
      },
      "serverName": {
        "type": "String",
        "value": "serkanmssql"
      },
      "sampleName": {
        "type": "String",
        "value": ""
      },
      "zoneRedundant": {
        "type": "Bool",
        "value": false
      },
      "licenseType": {
        "type": "String",
        "value": ""
      },
      "readScaleOut": {
        "type": "String",
        "value": "Disabled"
      },
      "numberOfReplicas": {
        "type": "Int",
        "value": 0
      },
      "minCapacity": {
        "type": "String",
        "value": ""
      },
      "autoPauseDelay": {
        "type": "String",
        "value": ""
      },
      "enableADS": {
        "type": "Bool",
        "value": false
      },
      "allowAzureIps": {
        "type": "Bool",
        "value": true
      },
      "databaseTags": {
        "type": "Object",
        "value": {}
      },
      "serverTags": {
        "type": "Object",
        "value": {}
      },
      "enableVA": {
        "type": "Bool",
        "value": false
      },
      "enablePrivateEndpoint": {
        "type": "Bool",
        "value": false
      },
      "privateEndpointNestedTemplateId": {
        "type": "String",
        "value": "pe-9302ddf8-3108-443c-bc49-c948687e5004"
      },
      "privateEndpointSubscriptionId": {
        "type": "String",
        "value": ""
      },
      "privateEndpointResourceGroup": {
        "type": "String",
        "value": ""
      },
      "privateEndpointName": {
        "type": "String",
        "value": ""
      },
      "privateEndpointLocation": {
        "type": "String",
        "value": ""
      },
      "privateEndpointSubnetId": {
        "type": "String",
        "value": ""
      },
      "privateLinkServiceName": {
        "type": "String",
        "value": ""
      },
      "privateLinkServiceServiceId": {
        "type": "String",
        "value": ""
      },
      "privateEndpointVnetSubscriptionId": {
        "type": "String",
        "value": ""
      },
      "privateEndpointVnetResourceGroup": {
        "type": "String",
        "value": ""
      },
      "privateEndpointVnetName": {
        "type": "String",
        "value": ""
      },
      "privateEndpointSubnetName": {
        "type": "String",
        "value": ""
      },
      "enablePrivateDnsZone": {
        "type": "Bool",
        "value": true
      },
      "privateEndpointDnsRecordUniqueId": {
        "type": "String",
        "value": "9302ddf8-3108-443c-bc49-c948687e5007"
      },
      "privateEndpointTemplateLink": {
        "type": "String",
        "value": "https://sqlazureextension.hosting.portal.azure.net/sqlazureextension/Content/2.0.20191211.11-/DeploymentTemplates/PrivateEndpoint.json"
      },
      "privateDnsForPrivateEndpointTemplateLink": {
        "type": "String",
        "value": "https://sqlazureextension.hosting.portal.azure.net/sqlazureextension/Content/2.0.20191211.11-/DeploymentTemplates/PrivateDnsForPrivateEndpoint.json"
      },
      "privateDnsForPrivateEndpointNicTemplateLink": {
        "type": "String",
        "value": "https://sqlazureextension.hosting.portal.azure.net/sqlazureextension/Content/2.0.20191211.11-/DeploymentTemplates/PrivateDnsForPrivateEndpointNic.json"
      },
      "privateDnsForPrivateEndpointIpConfigTemplateLink": {
        "type": "String",
        "value": "https://sqlazureextension.hosting.portal.azure.net/sqlazureextension/Content/2.0.20191211.11-/DeploymentTemplates/PrivateDnsForPrivateEndpointIpConfig.json"
      },
      "allowClientIp": {
        "type": "Bool",
        "value": true
      },
      "clientIpRuleName": {
        "type": "String",
        "value": "ClientIp-2019-12-13_23-51-35"
      },
      "clientIpValue": {
        "type": "String",
        "value": "89.64.34.179"
      }
    },
    "mode": "Incremental",
    "debugSetting": {
      "detailLevel": "None"
    },
    "provisioningState": "Succeeded",
    "timestamp": "2019-12-13T23:53:18.4611138Z",
    "duration": "PT1M42.7137694S",
    "correlationId": "af21c99c-d44b-437e-b5b8-b7aefaaf0ae7",
    "providers": [
      {
        "namespace": "Microsoft.Sql",
        "resourceTypes": [
          {
            "resourceType": "servers",
            "locations": [
              "westeurope"
            ]
          },
          {
            "resourceType": "servers/databases",
            "locations": [
              "westeurope"
            ]
          },
          {
            "resourceType": "servers/firewallrules",
            "locations": [
              "westeurope"
            ]
          }
        ]
      }
    ],
    "dependencies": [
      {
        "dependsOn": [
          {
            "id": "/subscriptions/83b4a660-98fa-4092-bb3a-8ab4900250b5/resourceGroups/cloud-shell-storage-westeurope/providers/Microsoft.Sql/servers/serkanmssql",
            "resourceType": "Microsoft.Sql/servers",
            "resourceName": "serkanmssql"
          }
        ],
        "id": "/subscriptions/83b4a660-98fa-4092-bb3a-8ab4900250b5/resourceGroups/cloud-shell-storage-westeurope/providers/Microsoft.Sql/servers/serkanmssql/databases/moviedb-dev",
        "resourceType": "Microsoft.Sql/servers/databases",
        "resourceName": "serkanmssql/moviedb-dev"
      },
      {
        "dependsOn": [
          {
            "id": "/subscriptions/83b4a660-98fa-4092-bb3a-8ab4900250b5/resourceGroups/cloud-shell-storage-westeurope/providers/Microsoft.Sql/servers/serkanmssql",
            "resourceType": "Microsoft.Sql/servers",
            "resourceName": "serkanmssql"
          }
        ],
        "id": "/subscriptions/83b4a660-98fa-4092-bb3a-8ab4900250b5/resourceGroups/cloud-shell-storage-westeurope/providers/Microsoft.Sql/servers/serkanmssql/firewallrules/AllowAllWindowsAzureIps",
        "resourceType": "Microsoft.Sql/servers/firewallrules",
        "resourceName": "serkanmssql/AllowAllWindowsAzureIps"
      },
      {
        "dependsOn": [
          {
            "id": "/subscriptions/83b4a660-98fa-4092-bb3a-8ab4900250b5/resourceGroups/cloud-shell-storage-westeurope/providers/Microsoft.Sql/servers/serkanmssql",
            "resourceType": "Microsoft.Sql/servers",
            "resourceName": "serkanmssql"
          }
        ],
        "id": "/subscriptions/83b4a660-98fa-4092-bb3a-8ab4900250b5/resourceGroups/cloud-shell-storage-westeurope/providers/Microsoft.Sql/servers/serkanmssql/firewallrules/ClientIp-2019-12-13_23-51-35",
        "resourceType": "Microsoft.Sql/servers/firewallrules",
        "resourceName": "serkanmssql/ClientIp-2019-12-13_23-51-35"
      },
      {
        "dependsOn": [
          {
            "id": "/subscriptions/83b4a660-98fa-4092-bb3a-8ab4900250b5/resourceGroups/cloud-shell-storage-westeurope/providers/Microsoft.Sql/servers/serkanmssql",
            "resourceType": "Microsoft.Sql/servers",
            "resourceName": "serkanmssql"
          },
          {
            "id": "/subscriptions/83b4a660-98fa-4092-bb3a-8ab4900250b5/resourceGroups/cloud-shell-storage-westeurope/providers/Microsoft.Sql/servers/serkanmssql/databases/moviedb-dev",
            "resourceType": "Microsoft.Sql/servers/databases",
            "resourceName": "serkanmssql/moviedb-dev"
          }
        ],
        "id": "/subscriptions/83b4a660-98fa-4092-bb3a-8ab4900250b5/resourceGroups/cloud-shell-storage-westeurope/providers/Microsoft.Sql/servers/serkanmssql/securityAlertPolicies/Default",
        "resourceType": "Microsoft.Sql/servers/securityAlertPolicies",
        "resourceName": "serkanmssql/Default"
      },
      {
        "dependsOn": [
          {
            "id": "/subscriptions/83b4a660-98fa-4092-bb3a-8ab4900250b5/resourceGroups/cloud-shell-storage-westeurope/providers/Microsoft.Sql/servers/serkanmssql",
            "resourceType": "Microsoft.Sql/servers",
            "resourceName": "serkanmssql"
          },
          {
            "id": "/subscriptions/83b4a660-98fa-4092-bb3a-8ab4900250b5/resourceGroups/cloud-shell-storage-westeurope/providers/Microsoft.Storage/storageAccounts/sqlva7hzx5obb3mj2u",
            "resourceType": "Microsoft.Storage/storageAccounts",
            "resourceName": "sqlva7hzx5obb3mj2u"
          },
          {
            "id": "/subscriptions/83b4a660-98fa-4092-bb3a-8ab4900250b5/resourceGroups/cloud-shell-storage-westeurope/providers/Microsoft.Sql/servers/serkanmssql/securityAlertPolicies/Default",
            "resourceType": "Microsoft.Sql/servers/securityAlertPolicies",
            "resourceName": "serkanmssql/Default"
          }
        ],
        "id": "/subscriptions/83b4a660-98fa-4092-bb3a-8ab4900250b5/resourceGroups/cloud-shell-storage-westeurope/providers/Microsoft.Sql/servers/serkanmssql/vulnerabilityAssessments/Default",
        "resourceType": "Microsoft.Sql/servers/vulnerabilityAssessments",
        "resourceName": "serkanmssql/Default"
      },
      {
        "dependsOn": [
          {
            "id": "/subscriptions/83b4a660-98fa-4092-bb3a-8ab4900250b5/resourceGroups/cloud-shell-storage-westeurope/providers/Microsoft.Sql/servers/serkanmssql/databases/moviedb-dev",
            "resourceType": "Microsoft.Sql/servers/databases",
            "resourceName": "serkanmssql/moviedb-dev"
          },
          {
            "id": "/subscriptions/83b4a660-98fa-4092-bb3a-8ab4900250b5/resourceGroups/cloud-shell-storage-westeurope/providers/Microsoft.Resources/deployments/SubnetPolicies-",
            "resourceType": "Microsoft.Resources/deployments",
            "resourceName": "SubnetPolicies-"
          }
        ],
        "id": "/subscriptions/83b4a660-98fa-4092-bb3a-8ab4900250b5/resourceGroups/cloud-shell-storage-westeurope/providers/Microsoft.Resources/deployments/PrivateEndpoint-",
        "resourceType": "Microsoft.Resources/deployments",
        "resourceName": "PrivateEndpoint-"
      },
      {
        "dependsOn": [
          {
            "id": "/subscriptions/83b4a660-98fa-4092-bb3a-8ab4900250b5/resourceGroups/cloud-shell-storage-westeurope/providers/Microsoft.Resources/deployments/PrivateEndpoint-",
            "resourceType": "Microsoft.Resources/deployments",
            "resourceName": "PrivateEndpoint-"
          }
        ],
        "id": "/subscriptions/83b4a660-98fa-4092-bb3a-8ab4900250b5/resourceGroups/cloud-shell-storage-westeurope/providers/Microsoft.Resources/deployments/PrivateDns-pe-9302ddf8-3108-443c-bc49-c948687e5004",
        "resourceType": "Microsoft.Resources/deployments",
        "resourceName": "PrivateDns-pe-9302ddf8-3108-443c-bc49-c948687e5004"
      }
    ],
    "outputResources": [
      {
        "id": "/subscriptions/83b4a660-98fa-4092-bb3a-8ab4900250b5/resourceGroups/cloud-shell-storage-westeurope/providers/Microsoft.Sql/servers/serkanmssql"
      },
      {
        "id": "/subscriptions/83b4a660-98fa-4092-bb3a-8ab4900250b5/resourceGroups/cloud-shell-storage-westeurope/providers/Microsoft.Sql/servers/serkanmssql/databases/moviedb-dev"
      },
      {
        "id": "/subscriptions/83b4a660-98fa-4092-bb3a-8ab4900250b5/resourceGroups/cloud-shell-storage-westeurope/providers/Microsoft.Sql/servers/serkanmssql/firewallrules/AllowAllWindowsAzureIps"
      },
      {
        "id": "/subscriptions/83b4a660-98fa-4092-bb3a-8ab4900250b5/resourceGroups/cloud-shell-storage-westeurope/providers/Microsoft.Sql/servers/serkanmssql/firewallrules/ClientIp-2019-12-13_23-51-35"
      }
    ],
    "validationLevel": "Template"
  }
}