[
  {
    "id": "/subscriptions/83b4a660-98fa-4092-bb3a-8ab4900250b5/resourceGroups/cloud-shell-storage-westeurope/providers/Microsoft.Resources/deployments/Microsoft.SQLDatabase.newDatabaseNewServer_c382e235183247bcb5e43/operations/3851A3C2126D7229",
    "operationId": "3851A3C2126D7229",
    "properties": {
      "provisioningOperation": "Create",
      "provisioningState": "Succeeded",
      "timestamp": "2019-12-13T23:52:26.7014303Z",
      "duration": "PT0.8193095S",
      "trackingId": "708d4bf3-0efc-458a-ab14-a48436f0a21a",
      "statusCode": "Created",
      "targetResource": {
        "id": "/subscriptions/83b4a660-98fa-4092-bb3a-8ab4900250b5/resourceGroups/cloud-shell-storage-westeurope/providers/Microsoft.Sql/servers/serkanmssql/firewallrules/ClientIp-2019-12-13_23-51-35",
        "resourceType": "Microsoft.Sql/servers/firewallrules",
        "resourceName": "serkanmssql/ClientIp-2019-12-13_23-51-35"
      }
    }
  },
  {
    "id": "/subscriptions/83b4a660-98fa-4092-bb3a-8ab4900250b5/resourceGroups/cloud-shell-storage-westeurope/providers/Microsoft.Resources/deployments/Microsoft.SQLDatabase.newDatabaseNewServer_c382e235183247bcb5e43/operations/9B72075DDE59DA87",
    "operationId": "9B72075DDE59DA87",
    "properties": {
      "provisioningOperation": "Create",
      "provisioningState": "Succeeded",
      "timestamp": "2019-12-13T23:52:26.4590731Z",
      "duration": "PT0.5769523S",
      "trackingId": "06be392b-2ec7-458a-aab2-c900ea5debfa",
      "statusCode": "Created",
      "targetResource": {
        "id": "/subscriptions/83b4a660-98fa-4092-bb3a-8ab4900250b5/resourceGroups/cloud-shell-storage-westeurope/providers/Microsoft.Sql/servers/serkanmssql/firewallrules/AllowAllWindowsAzureIps",
        "resourceType": "Microsoft.Sql/servers/firewallrules",
        "resourceName": "serkanmssql/AllowAllWindowsAzureIps"
      }
    }
  },
  {
    "id": "/subscriptions/83b4a660-98fa-4092-bb3a-8ab4900250b5/resourceGroups/cloud-shell-storage-westeurope/providers/Microsoft.Resources/deployments/Microsoft.SQLDatabase.newDatabaseNewServer_c382e235183247bcb5e43/operations/C502E2D0C1DB9B61",
    "operationId": "C502E2D0C1DB9B61",
    "properties": {
      "provisioningOperation": "Create",
      "provisioningState": "Succeeded",
      "timestamp": "2019-12-13T23:53:18.1954089Z",
      "duration": "PT52.3132881S",
      "trackingId": "a2b5a569-a639-43c4-95c8-39694d5c9c04",
      "statusCode": "Created",
      "targetResource": {
        "id": "/subscriptions/83b4a660-98fa-4092-bb3a-8ab4900250b5/resourceGroups/cloud-shell-storage-westeurope/providers/Microsoft.Sql/servers/serkanmssql/databases/moviedb-dev",
        "resourceType": "Microsoft.Sql/servers/databases",
        "resourceName": "serkanmssql/moviedb-dev"
      }
    }
  },
  {
    "id": "/subscriptions/83b4a660-98fa-4092-bb3a-8ab4900250b5/resourceGroups/cloud-shell-storage-westeurope/providers/Microsoft.Resources/deployments/Microsoft.SQLDatabase.newDatabaseNewServer_c382e235183247bcb5e43/operations/ED8153216AFBE2F5",
    "operationId": "ED8153216AFBE2F5",
    "properties": {
      "provisioningOperation": "Create",
      "provisioningState": "Succeeded",
      "timestamp": "2019-12-13T23:52:25.8277752Z",
      "duration": "PT48.3999671S",
      "trackingId": "30ce23d5-3f74-4f63-8240-5951ddda3aec",
      "statusCode": "Created",
      "targetResource": {
        "id": "/subscriptions/83b4a660-98fa-4092-bb3a-8ab4900250b5/resourceGroups/cloud-shell-storage-westeurope/providers/Microsoft.Sql/servers/serkanmssql",
        "resourceType": "Microsoft.Sql/servers",
        "resourceName": "serkanmssql"
      }
    }
  },
  {
    "id": "/subscriptions/83b4a660-98fa-4092-bb3a-8ab4900250b5/resourceGroups/cloud-shell-storage-westeurope/providers/Microsoft.Resources/deployments/Microsoft.SQLDatabase.newDatabaseNewServer_c382e235183247bcb5e43/operations/08586253257897303610",
    "operationId": "08586253257897303610",
    "properties": {
      "provisioningOperation": "EvaluateDeploymentOutput",
      "provisioningState": "Succeeded",
      "timestamp": "2019-12-13T23:53:18.4387467Z",
      "duration": "PT0.1146875S",
      "trackingId": "cd07092f-4e0c-4d3c-aff9-f0d0f49f0234",
      "statusCode": "OK",
      "statusMessage": null
    }
  }
]